,algorithm,map_name,return_mean,return_std
1,iql,confidentiality_medium,-26.185416666666665,5.500053296528734
2,iql,integrity_medium,-24.384027777777778,5.438714070721615
0,iql,availability_medium,-15.942708333333332,3.784572019338001
4,qmix,confidentiality_medium,-23.005729166666665,2.4660508434631603
5,qmix,integrity_medium,-16.8021875,2.7263906450565947
3,qmix,availability_medium,-17.5025,4.675880844232279
1,heuristic,confidentiality_medium,-65.95568862275448,24.333800081394013
2,heuristic,integrity_medium,-32.96556886227545,20.818279537191277
0,heuristic,availability_medium,-23.107784431137723,18.877157793688255
